"STATION","NAME","DATE","TAVG","TMAX","TMIN"
"IRM00040747","SANANDAJ, IR","2024-01-01","40","58",
"IRM00040747","SANANDAJ, IR","2024-01-02","39","52","26"
"IRM00040747","SANANDAJ, IR","2024-01-03","39","54","27"
"IRM00040747","SANANDAJ, IR","2024-01-04","39","55","25"
"IRM00040747","SANANDAJ, IR","2024-01-05","43","55","30"
"IRM00040747","SANANDAJ, IR","2024-01-06","42","50",
"IRM00040747","SANANDAJ, IR","2024-01-07","34","51","22"
"IRM00040747","SANANDAJ, IR","2024-01-08","38",,
"IRM00040747","SANANDAJ, IR","2024-01-09","43","61","24"
"IRM00040747","SANANDAJ, IR","2024-01-10","42","53","35"
"IRM00040747","SANANDAJ, IR","2024-01-11","40","49",
"IRM00040747","SANANDAJ, IR","2024-01-12","42","51","35"
"IRM00040747","SANANDAJ, IR","2024-01-13","43",,"38"
"IRM00040747","SANANDAJ, IR","2024-01-14","44","50",
"IRM00040747","SANANDAJ, IR","2024-01-15","40","56",
"IRM00040747","SANANDAJ, IR","2024-01-16","36","51",
"IRM00040747","SANANDAJ, IR","2024-01-17","38","53","25"
"IRM00040747","SANANDAJ, IR","2024-01-18","40",,"28"
"IRM00040747","SANANDAJ, IR","2024-01-19","39","56","25"
"IRM00040747","SANANDAJ, IR","2024-01-20","40","56","26"
"IRM00040747","SANANDAJ, IR","2024-01-21","40","58",
"IRM00040747","SANANDAJ, IR","2024-01-22","43","59","28"
"IRM00040747","SANANDAJ, IR","2024-01-23","44",,
"IRM00040747","SANANDAJ, IR","2024-01-24","46","55","38"
"IRM00040747","SANANDAJ, IR","2024-01-25","38","46",
"IRM00040747","SANANDAJ, IR","2024-01-26","40","53","28"
"IRM00040747","SANANDAJ, IR","2024-01-27","40","50",
"IRM00040747","SANANDAJ, IR","2024-01-28","35",,
"IRM00040747","SANANDAJ, IR","2024-01-29","33","45","23"
"IRM00040747","SANANDAJ, IR","2024-01-30","38","49","24"
"IRM00040747","SANANDAJ, IR","2024-01-31","39","47",
"IRM00040747","SANANDAJ, IR","2024-02-01","37","45",
"IRM00040747","SANANDAJ, IR","2024-02-02","33","36",
"IRM00040747","SANANDAJ, IR","2024-02-03","35","44",
"IRM00040747","SANANDAJ, IR","2024-02-04","35","46","25"
"IRM00040747","SANANDAJ, IR","2024-02-05","38","44",
"IRM00040747","SANANDAJ, IR","2024-02-06","41","49","35"
"IRM00040747","SANANDAJ, IR","2024-02-07","40","50",
"IRM00040747","SANANDAJ, IR","2024-02-08","39","56","24"
"IRM00040747","SANANDAJ, IR","2024-02-09","40","57",
"IRM00040747","SANANDAJ, IR","2024-02-10","44","59","30"
"IRM00040747","SANANDAJ, IR","2024-02-11","43","61","28"
"IRM00040747","SANANDAJ, IR","2024-02-12","43","63",
"IRM00040747","SANANDAJ, IR","2024-02-13","46",,"28"
